idU;username;pwd;role
1;admin;password;admin
2;abelr_82;welcome;user
3;akpaa_51;welcome;user
4;alkeb_35;welcome;user
5;anceb_18;welcome;user
6;arcas_4;welcome;user
7;azhuh_13;welcome;user
8;bamaz_5;welcome;user
9;bamal_94;welcome;user
10;baths_40;welcome;user
11;bajem_48;welcome;user
12;bakec_78;welcome;user
13;basaj_29;welcome;user
14;baloo_36;welcome;user
15;beclj_45;welcome;user
16;bleux_22;welcome;user
17;bodit_25;welcome;user
18;bojut_28;welcome;user
19;boalm_19;welcome;user
20;boquu_9;welcome;user
21;bochl_86;welcome;user
22;chmad_83;welcome;user
23;chrys_17;welcome;user
24;cojue_37;welcome;user
25;dahas_33;welcome;user
26;dasaj_18;welcome;user
27;dacoc_61;welcome;user
28;daesw_7;welcome;user
29;degif_59;welcome;user
30;demei_67;welcome;user
31;dechf_78;welcome;user
32;destp_54;welcome;user
33;djmoh_16;welcome;user
34;ducll_67;welcome;user
35;epell_22;welcome;user
36;faorm_31;welcome;user
37;fejur_46;welcome;user
38;fechf_48;welcome;user
39;frchz_34;welcome;user
40;fralz_6;welcome;user
41;fumaa_61;welcome;user
42;gaguw_92;welcome;user
43;galaz_96;welcome;user
44;gavis_14;welcome;user
45;gajux_10;welcome;user
46;giang_78;welcome;user
47;glflt_57;welcome;user
48;gostx_74;welcome;user
49;goanw_31;welcome;user
50;grchg_68;welcome;user
51;grmar_100;welcome;user
52;haguv_50;welcome;user
53;hemai_9;welcome;user
54;honam_51;welcome;user
55;huedq_85;welcome;user
56;iddac_70;welcome;user
57;jajux_36;welcome;user
58;jedai_37;welcome;user
59;jeemu_82;welcome;user
60;lecer_74;welcome;user
61;lepiu_25;welcome;user
62;lefra_41;welcome;user
63;lejei_55;welcome;user
64;ledeg_91;welcome;user
65;lejuh_33;welcome;user
66;leocn_86;welcome;user
67;lifil_72;welcome;user
68;lomep_12;welcome;user
69;majuh_34;welcome;user
70;maceb_43;welcome;user
71;maguu_24;welcome;user
72;maalr_12;welcome;user
73;macey_6;welcome;user
74;malui_75;welcome;user
75;mabaz_3;welcome;user
76;mamew_47;welcome;user
77;mafal_58;welcome;user
78;mavir_43;welcome;user
79;mazev_48;welcome;user
80;mearh_1;welcome;user
81;meart_19;welcome;user
82;mimai_31;welcome;user
83;mocas_52;welcome;user
84;mokea_85;welcome;user
85;pefip_74;welcome;user
86;raels_80;welcome;user
87;revao_2;welcome;user
88;riamp_23;welcome;user
89;riano_78;welcome;user
90;rimay_79;welcome;user
91;rocai_81;welcome;user
92;rumaf_4;welcome;user
93;sasir_97;welcome;user
94;stcro_82;welcome;user
95;teauh_67;welcome;user
96;thsow_21;welcome;user
97;trrof_91;welcome;user
98;vapau_44;welcome;user
99;vemad_6;welcome;user
100;vilat_26;welcome;user
101;yaign_40;welcome;user
102;zhmaw_91;welcome;user
103;benai_32;welcome;user
104;bosyh_3;welcome;user
105;brsey_45;welcome;user
106;buauw_97;welcome;user
107;cajuz_5;welcome;user
108;chmab_38;welcome;user
109;cosau_27;welcome;user
110;daaut_71;welcome;user
111;deseb_31;welcome;user
112;fenae_56;welcome;user
113;gavir_94;welcome;user
114;jajum_17;welcome;user
115;pijem_84;welcome;user
116;risot_39;welcome;user
117;vasal_57;welcome;user
118;vasti_21;welcome;user
119;ammyx_93;welcome;user
120;bajeb_98;welcome;user
121;baalm_8;welcome;user
122;beant_89;welcome;user
123;boguh_74;welcome;user
124;boagi_6;welcome;user
125;buapu_28;welcome;user
126;casab_5;welcome;user
127;cafex_67;welcome;user
128;cagaw_26;welcome;user
129;cathh_82;welcome;user
130;chamk_53;welcome;user
131;dachv_76;welcome;user
132;declr_51;welcome;user
133;demae_40;welcome;user
134;delab_49;welcome;user
135;detob_42;welcome;user
136;drmaa_41;welcome;user
137;drthx_16;welcome;user
138;dusth_69;welcome;user
139;dusan_65;welcome;user
140;esfll_35;welcome;user
141;falim_39;welcome;user
142;garog_43;welcome;user
143;guelh_67;welcome;user
144;habes_86;welcome;user
145;hiluo_32;welcome;user
146;l'mai_11;welcome;user
147;lesoe_88;welcome;user
148;leolk_76;welcome;user
149;luyoq_67;welcome;user
150;magwy_98;welcome;user
151;meanh_31;welcome;user
152;metio_92;welcome;user
153;miala_90;welcome;user
154;ndlbo_76;welcome;user
155;olmaf_49;welcome;user
156;pacav_54;welcome;user
157;pamah_89;welcome;user
158;peinr_99;welcome;user
159;pojoc_52;welcome;user
160;regaf_56;welcome;user
161;salow_56;welcome;user
162;sasok_2;welcome;user
163;scmaw_18;welcome;user
164;sofar_69;welcome;user
165;thauq_40;welcome;user
166;tharo_4;welcome;user
167;trtir_52;welcome;user
168;weren_58;welcome;user
169;gemiy_1;welcome;user
170;leanz_2;welcome;user
171;adlix_17;welcome;user
172;amguc_42;welcome;user
173;baads_78;welcome;user
174;benit_5;welcome;user
175;beyoe_91;welcome;user
176;bogre_39;welcome;user
177;bolap_80;welcome;user
178;bunii_82;welcome;user
179;chsto_40;welcome;user
180;chpam_66;welcome;user
181;chstx_39;welcome;user
182;coyvy_19;welcome;user
183;dehaf_41;welcome;user
184;desiu_47;welcome;user
185;dumao_99;welcome;user
186;etmar_78;welcome;user
187;feviz_85;welcome;user
188;femis_100;welcome;user
189;fopie_96;welcome;user
190;gajum_97;welcome;user
191;gereu_80;welcome;user
192;grjut_51;welcome;user
193;gufev_27;welcome;user
194;joanc_15;welcome;user
195;julac_45;welcome;user
196;kasev_40;welcome;user
197;lesog_98;welcome;user
198;lelur_59;welcome;user
199;lecls_72;welcome;user
200;ligur_54;welcome;user
201;maphn_29;welcome;user
202;pimaj_99;welcome;user
203;pimak_98;welcome;user
204;sacob_91;welcome;user
205;yvdig_7;welcome;user
206;zacem_12;welcome;user
207;zlzlv_91;welcome;user
208;balyp_20;welcome;user
209;biesj_77;welcome;user
210;chfat_53;welcome;user
211;clflg_46;welcome;user
212;cuanu_9;welcome;user
213;focat_98;welcome;user
214;gemaw_87;welcome;user
215;gijul_40;welcome;user
216;grhuu_39;welcome;user
217;gumep_99;welcome;user
218;jajuo_30;welcome;user
219;joamg_32;welcome;user
220;mastf_90;welcome;user
221;mafat_57;welcome;user
222;mualb_84;welcome;user
223;orhub_19;welcome;user
224;pesaz_42;welcome;user
225;proco_18;welcome;user
226;ronix_89;welcome;user
227;roamj_32;welcome;user
228;simax_96;welcome;user
229;tatht_50;welcome;user
230;throi_79;welcome;user
231;albet_27;welcome;user
232;alfea_40;welcome;user
233;ammid_52;welcome;user
234;anesn_79;welcome;user
235;arllx_63;welcome;user
236;araud_42;welcome;user
237;arceb_85;welcome;user
238;atmiv_83;welcome;user
239;baday_84;welcome;user
240;beals_2;welcome;user
241;bejeg_39;welcome;user
242;bealf_65;welcome;user
243;boalb_65;welcome;user
244;cachq_82;welcome;user
245;camaf_14;welcome;user
246;chgin_82;welcome;user
247;demak_80;welcome;user
248;denis_58;welcome;user
249;deman_61;welcome;user
250;deguc_91;welcome;user
251;djrei_35;welcome;user
252;dubad_67;welcome;user
253;fipiy_83;welcome;user
254;fialc_69;welcome;user
255;gurou_34;welcome;user
256;habiu_63;welcome;user
257;heala_1;welcome;user
258;lamaz_21;welcome;user
259;legwe_76;welcome;user
260;lestl_39;welcome;user
261;lecez_49;welcome;user
262;lelat_82;welcome;user
263;mapal_71;welcome;user
264;matof_84;welcome;user
265;oropv_19;welcome;user
266;pajuc_47;welcome;user
267;pejog_75;welcome;user
268;pomai_46;welcome;user
269;poelw_39;welcome;user
270;pomam_70;welcome;user
271;refaz_51;welcome;user
272;roman_50;welcome;user
273;romod_6;welcome;user
274;sejej_19;welcome;user
275;siolp_89;welcome;user
276;sogir_51;welcome;user
277;tajog_56;welcome;user
278;tochz_29;welcome;user
279;trcad_92;welcome;user
280;vimas_83;welcome;user
281;bajuu_33;welcome;user
282;beadr_7;welcome;user
283;beall_47;welcome;user
284;brmam_25;welcome;user
285;brpin_9;welcome;user
286;camal_4;welcome;user
287;cajus_99;welcome;user
288;chdeu_22;welcome;user
289;chsat_82;welcome;user
290;colem_97;welcome;user
291;dajeh_72;welcome;user
292;dapat_62;welcome;user
293;deosm_60;welcome;user
294;dhfai_4;welcome;user
295;domaw_36;welcome;user
296;drmej_39;welcome;user
297;duchj_26;welcome;user
298;ettio_84;welcome;user
299;gachz_45;welcome;user
300;gacag_43;welcome;user
301;gejot_18;welcome;user
302;gujux_83;welcome;user
303;heguv_25;welcome;user
304;huedl_56;welcome;user
305;invas_20;welcome;user
306;jaloo_18;welcome;user
307;jaell_96;welcome;user
308;laclr_100;welcome;user
309;lepam_33;welcome;user
310;lefro_91;welcome;user
311;lecaa_15;welcome;user
312;lesyy_3;welcome;user
313;mamej_35;welcome;user
314;misoi_27;welcome;user
315;mobac_35;welcome;user
316;mochd_23;welcome;user
317;\jgav_12;welcome;user
318;rapiz_21;welcome;user
319;rechz_89;welcome;user
320;ricem_5;welcome;user
321;riniy_12;welcome;user
322;rothi_7;welcome;user
323;roalv_53;welcome;user
324;wechv_53;welcome;user
325;becoh_70;welcome;user
326;afjod_10;welcome;user
327;almax_73;welcome;user
328;anmes_73;welcome;user
329;arkie_84;welcome;user
330;bemas_87;welcome;user
331;berax_31;welcome;user
332;bemaq_23;welcome;user
333;bialr_53;welcome;user
334;bimao_74;welcome;user
335;bilot_32;welcome;user
336;biles_33;welcome;user
337;biayn_90;welcome;user
338;boank_55;welcome;user
339;bokep_62;welcome;user
340;boram_57;welcome;user
341;bobes_29;welcome;user
342;boaue_69;welcome;user
343;bochk_8;welcome;user
344;boquk_1;welcome;user
345;brvip_60;welcome;user
346;bralf_54;welcome;user
347;brisx_25;welcome;user
348;bustp_21;welcome;user
349;bujej_2;welcome;user
350;cacim_34;welcome;user
351;caall_80;welcome;user
352;chamh_62;welcome;user
353;chind_57;welcome;user
354;chlee_89;welcome;user
355;coclc_81;welcome;user
356;coolr_9;welcome;user
357;dafas_69;welcome;user
358;daflc_89;welcome;user
359;dakek_44;welcome;user
360;deerv_58;welcome;user
361;dedes_84;welcome;user
362;denid_30;welcome;user
363;dolac_9;welcome;user
364;dulul_14;welcome;user
365;duaup_76;welcome;user
366;elhux_99;welcome;user
367;elmel_43;welcome;user
368;eulub_53;welcome;user
369;fenic_5;welcome;user
370;fesom_55;welcome;user
371;frler_62;welcome;user
372;gacet_98;welcome;user
373;galep_78;welcome;user
374;gamaz_92;welcome;user
375;gefiw_94;welcome;user
376;goanv_77;welcome;user
377;guheq_51;welcome;user
378;jomac_19;welcome;user
379;joeug_34;welcome;user
380;lanir_59;welcome;user
381;lelar_40;welcome;user
382;lemaz_27;welcome;user
383;leman_87;welcome;user
384;levih_42;welcome;user
385;lecef_87;welcome;user
386;leshe_39;welcome;user
387;loand_89;welcome;user
388;lobat_13;welcome;user
389;lusau_27;welcome;user
390;maniz_14;welcome;user
391;maelw_49;welcome;user
392;mamao_22;welcome;user
393;mafry_66;welcome;user
394;macan_52;welcome;user
395;machm_13;welcome;user
396;maceb_1;welcome;user
397;mejuu_43;welcome;user
398;migab_43;welcome;user
399;neank_90;welcome;user
400;nisoz_51;welcome;user
401;nobel_54;welcome;user
402;nocow_52;welcome;user
403;ousas_81;welcome;user
404;parou_29;welcome;user
405;pajeo_93;welcome;user
406;pemiy_14;welcome;user
407;pelax_49;welcome;user
408;pelec_59;welcome;user
409;peclx_93;welcome;user
410;pegin_93;welcome;user
411;plguf_81;welcome;user
412;ponem_58;welcome;user
413;pocaa_66;welcome;user
414;raall_90;welcome;user
415;ragux_39;welcome;user
416;raviw_10;welcome;user
417;realu_68;welcome;user
418;rebeh_49;welcome;user
419;rohuf_20;welcome;user
420;roety_72;welcome;user
421;roarl_80;welcome;user
422;roara_23;welcome;user
423;romaj_20;welcome;user
424;rogae_16;welcome;user
425;saasl_83;welcome;user
426;salud_10;welcome;user
427;sejeu_46;welcome;user
428;sijew_4;welcome;user
429;slbru_86;welcome;user
430;smdaj_27;welcome;user
431;tchaz_33;welcome;user
432;tijet_51;welcome;user
433;tojaj_28;welcome;user
434;tocae_29;welcome;user
435;trely_100;welcome;user
436;trsao_85;welcome;user
437;vajop_88;welcome;user
438;vrstc_74;welcome;user
439;wiguv_84;welcome;user
440;zumas_1;welcome;user
441;asdas_36;welcome;user
442;begrg_27;welcome;user
443;besak_63;welcome;user
444;biaue_54;welcome;user
445;cahem_41;welcome;user
446;chrod_32;welcome;user
447;coand_31;welcome;user
448;deinc_41;welcome;user
449;depam_60;welcome;user
450;degec_47;welcome;user
451;demar_85;welcome;user
452;dijem_65;welcome;user
453;enluj_63;welcome;user
454;febeu_17;welcome;user
455;fljew_44;welcome;user
456;foagp_74;welcome;user
457;frala_4;welcome;user
458;gajus_52;welcome;user
459;gesew_17;welcome;user
460;guclk_70;welcome;user
461;hemai_78;welcome;user
462;hobeb_62;welcome;user
463;jalar_7;welcome;user
464;joalk_82;welcome;user
465;lapaa_14;welcome;user
466;letho_57;welcome;user
467;levib_95;welcome;user
468;leguj_79;welcome;user
469;mapir_69;welcome;user
470;mapac_60;welcome;user
471;maflt_85;welcome;user
472;maadu_67;welcome;user
473;pigux_2;welcome;user
474;pocas_96;welcome;user
475;reakd_8;welcome;user
476;rejua_18;welcome;user
477;risih_48;welcome;user
478;rimep_23;welcome;user
479;ryluz_21;welcome;user
480;strom_89;welcome;user
481;sufaz_94;welcome;user
482;vipak_22;welcome;user
483;wttho_1;welcome;user
484;yamep_43;welcome;user
485;bemae_97;welcome;user
486;coloq_22;welcome;user
487;dusti_93;welcome;user
488;galus_62;welcome;user
489;garas_85;welcome;user
490;gatot_36;welcome;user
491;igryh_85;welcome;user
492;misos_86;welcome;user
493;momep_69;welcome;user
494;napax_77;welcome;user
495;navib_92;welcome;user
496;niluf_55;welcome;user
497;rejec_90;welcome;user
498;rimap_95;welcome;user
499;snmee_87;welcome;user
500;tesag_5;welcome;user
501;tharq_27;welcome;user
502;tobus_38;welcome;user
503;seclp_63;welcome;user
504;dacal_21;welcome;user
505;trgwn_54;welcome;user
506;boguj_33;welcome;user
507;sbsae_79;welcome;user
508;keoui_11;welcome;user
509;kodak_50;welcome;user
510;menoz_15;welcome;user
511;mocop_33;welcome;user
512;ouket_79;welcome;user
513;rorel_85;welcome;user
514;scyvc_24;welcome;user
515;dekan_20;welcome;user
516;moyau_55;welcome;user
517;becep_54;welcome;user
518;mojew_60;welcome;user
519;hachp_1;welcome;user
520;comab_20;welcome;user
521;bumiy_63;welcome;user
522;lekeh_62;welcome;user
523;midis_84;welcome;user
524;delut_86;welcome;user
525;labep_47;welcome;user
526;sapaq_47;welcome;user
527;lefrq_62;welcome;user
528;gosty_18;welcome;user
529;budag_92;welcome;user
530;uzdep_31;welcome;user
531;maely_74;welcome;user
532;gawij_34;welcome;user
533;aujeo_2;welcome;user
534;auemi_27;welcome;user
535;lamao_67;welcome;user
536;difrz_92;welcome;user
537;waarq_26;welcome;user
538;pokao_75;welcome;user
539;coars_95;welcome;user
540;bajel_87;welcome;user
541;mameb_9;welcome;user
542;brani_58;welcome;user
543;amgup_29;welcome;user
544;balyx_3;welcome;user
545;becem_19;welcome;user
546;buper_56;welcome;user
547;chedy_34;welcome;user
548;chmud_12;welcome;user
549;chcar_53;welcome;user
550;coclf_25;welcome;user
551;conir_50;welcome;user
552;deelm_78;welcome;user
553;declf_86;welcome;user
554;durub_89;welcome;user
555;emcoq_87;welcome;user
556;fojeh_34;welcome;user
557;gamaj_67;welcome;user
558;jaabt_97;welcome;user
559;jacaz_33;welcome;user
560;krthy_8;welcome;user
561;lajux_50;welcome;user
562;lajui_89;welcome;user
563;laisn_31;welcome;user
564;lafrh_80;welcome;user
565;laclj_61;welcome;user
566;lefls_72;welcome;user
567;levik_8;welcome;user
568;lesoz_79;welcome;user
569;maamo_56;welcome;user
570;maluf_79;welcome;user
571;maevh_65;welcome;user
572;machs_17;welcome;user
573;masty_47;welcome;user
574;najeu_93;welcome;user
575;pilud_65;welcome;user
576;plmad_33;welcome;user
577;renik_21;welcome;user
578;reraw_40;welcome;user
579;rijok_6;welcome;user
580;sacov_3;welcome;user
581;scroq_100;welcome;user
582;simat_53;welcome;user
583;tealv_24;welcome;user
584;vanir_14;welcome;user
585;velav_59;welcome;user
586;veflv_80;welcome;user
587;bacab_35;welcome;user
588;bechd_20;welcome;user
589;bljuz_68;welcome;user
590;bomae_94;welcome;user
591;bujog_98;welcome;user
592;degua_14;welcome;user
593;frmag_89;welcome;user
594;leghs_76;welcome;user
595;leemu_25;welcome;user
596;lovas_38;welcome;user
597;lojow_86;welcome;user
598;maclx_100;welcome;user
599;mocap_66;welcome;user
600;rodiq_90;welcome;user
601;sumat_50;welcome;user
602;valum_79;welcome;user
603;vomav_56;welcome;user
604;vuclw_76;welcome;user
605;amshc_60;welcome;user
606;aremr_98;welcome;user
607;badas_78;welcome;user
608;beald_62;welcome;user
609;becla_31;welcome;user
610;bealz_62;welcome;user
611;bljup_100;welcome;user
612;debav_26;welcome;user
613;doeve_39;welcome;user
614;doamw_16;welcome;user
615;emmer_74;welcome;user
616;gavit_47;welcome;user
617;gibaf_91;welcome;user
618;gocab_56;welcome;user
619;guthe_61;welcome;user
620;jumag_45;welcome;user
621;kasol_32;welcome;user
622;lelap_96;welcome;user
623;mapef_21;welcome;user
624;mebil_24;welcome;user
625;poadu_89;welcome;user
626;restc_24;welcome;user
627;samal_64;welcome;user
628;techt_55;welcome;user
629;vapax_38;welcome;user
630;viinq_71;welcome;user
631;befay_18;welcome;user
632;bomam_69;welcome;user
633;brelr_99;welcome;user
634;brmaa_81;welcome;user
635;chdai_64;welcome;user
636;copac_78;welcome;user
637;copim_8;welcome;user
638;deoms_16;welcome;user
639;fogub_78;welcome;user
640;gaaut_73;welcome;user
641;gojec_83;welcome;user
642;hovix_91;welcome;user
643;ledop_75;welcome;user
644;liclh_96;welcome;user
645;lijel_77;welcome;user
646;olarr_14;welcome;user
647;rivik_3;welcome;user
648;sathy_53;welcome;user
649;taalw_10;welcome;user
650;tebes_65;welcome;user
651;amchb_44;welcome;user
652;blaxw_59;welcome;user
653;boada_41;welcome;user
654;brjeb_91;welcome;user
655;camac_88;welcome;user
656;chpan_67;welcome;user
657;cochm_15;welcome;user
658;covil_43;welcome;user
659;damah_73;welcome;user
660;dhalw_27;welcome;user
661;famal_89;welcome;user
662;gunie_49;welcome;user
663;jomai_11;welcome;user
664;jomao_70;welcome;user
665;lemad_81;welcome;user
666;lumao_30;welcome;user
667;manax_24;welcome;user
668;posth_92;welcome;user
669;rochm_77;welcome;user
670;samaw_87;welcome;user
671;teelq_78;welcome;user
672;vaalu_11;welcome;user
673;gicad_5;welcome;user
674;bujuk_3;welcome;user
675;abcle_18;welcome;user
676;azvie_47;welcome;user
677;cosas_10;welcome;user
678;dadaz_42;welcome;user
679;devin_35;welcome;user
680;dutha_90;welcome;user
681;elkex_44;welcome;user
682;elyaq_92;welcome;user
683;gasan_63;welcome;user
684;gaclj_69;welcome;user
685;gujud_26;welcome;user
686;haaxl_93;welcome;user
687;healy_10;welcome;user
688;hojog_69;welcome;user
689;leyve_53;welcome;user
690;lopao_61;welcome;user
691;memaz_15;welcome;user
692;nojug_8;welcome;user
693;pealq_85;welcome;user
694;peclv_35;welcome;user
695;quroc_98;welcome;user
696;quany_2;welcome;user
697;raket_90;welcome;user
698;roalq_68;welcome;user
699;selee_2;welcome;user
700;tejuu_45;welcome;user
701;thmac_81;welcome;user
702;tijuo_11;welcome;user
703;trqui_30;welcome;user
704;vamaw_34;welcome;user
705;brjau_48;welcome;user
706;hebek_7;welcome;user
707;absad_67;welcome;user
708;akana_19;welcome;user
709;alsat_80;welcome;user
710;amgwn_97;welcome;user
711;anthw_14;welcome;user
712;arses_92;welcome;user
713;araxq_50;welcome;user
714;aralm_76;welcome;user
715;avmab_84;welcome;user
716;bahug_90;welcome;user
717;bedaw_4;welcome;user
718;bearv_2;welcome;user
719;beaxn_12;welcome;user
720;blnac_91;welcome;user
721;boclm_42;welcome;user
722;boanw_45;welcome;user
723;boalr_61;welcome;user
724;bolul_50;welcome;user
725;calue_32;welcome;user
726;caemt_28;welcome;user
727;cachv_29;welcome;user
728;cadad_81;welcome;user
729;cavil_92;welcome;user
730;caeld_33;welcome;user
731;cecly_11;welcome;user
732;chhey_90;welcome;user
733;chvin_55;welcome;user
734;chkek_71;welcome;user
735;chnow_98;welcome;user
736;chsum_17;welcome;user
737;chvau_65;welcome;user
738;cllap_54;welcome;user
739;cokec_3;welcome;user
740;cocls_9;welcome;user
741;coblq_8;welcome;user
742;coann_54;welcome;user
743;coalu_66;welcome;user
744;colur_24;welcome;user
745;cusym_36;welcome;user
746;dacek_6;welcome;user
747;daant_44;welcome;user
748;damak_88;welcome;user
749;daceq_59;welcome;user
750;deedl_66;welcome;user
751;dears_12;welcome;user
752;dealc_4;welcome;user
753;deluq_5;welcome;user
754;dequw_63;welcome;user
755;decay_23;welcome;user
756;deflk_77;welcome;user
757;dibaf_33;welcome;user
758;djalt_13;welcome;user
759;doror_99;welcome;user
760;dosoi_24;welcome;user
761;dueni_64;welcome;user
762;duaug_70;welcome;user
763;dujuu_46;welcome;user
764;duagb_35;welcome;user
765;efelq_69;welcome;user
766;elray_13;welcome;user
767;esmay_35;welcome;user
768;eyady_68;welcome;user
769;fasex_43;welcome;user
770;fapev_86;welcome;user
771;feanc_58;welcome;user
772;feanc_87;welcome;user
773;feloi_30;welcome;user
774;felev_18;welcome;user
775;feclp_79;welcome;user
776;fielo_70;welcome;user
777;fllat_84;welcome;user
778;frlaq_84;welcome;user
779;gajuv_26;welcome;user
780;gaanl_1;welcome;user
781;gacaj_57;welcome;user
782;gageo_43;welcome;user
783;gemav_91;welcome;user
784;giras_52;welcome;user
785;gimay_67;welcome;user
786;govig_78;welcome;user
787;gopik_97;welcome;user
788;grhuq_92;welcome;user
789;gralv_66;welcome;user
790;grkei_27;welcome;user
791;guemr_51;welcome;user
792;gupic_79;welcome;user
793;guvip_88;welcome;user
794;gufli_50;welcome;user
795;hamey_88;welcome;user
796;hahee_37;welcome;user
797;hubog_18;welcome;user
798;hucen_96;welcome;user
799;jacoi_64;welcome;user
800;jaala_8;welcome;user
801;jeevz_3;welcome;user
802;jumag_86;welcome;user
803;koanu_7;welcome;user
804;kokoi_18;welcome;user
805;lachk_68;welcome;user
806;larof_55;welcome;user
807;leala_93;welcome;user
808;leliu_11;welcome;user
809;lelob_83;welcome;user
810;lealj_80;welcome;user
811;lehuy_28;welcome;user
812;levaf_81;welcome;user
813;lemae_26;welcome;user
814;l'elo_99;welcome;user
815;liaxv_23;welcome;user
816;liedx_94;welcome;user
817;locar_13;welcome;user
818;lopam_69;welcome;user
819;lojed_40;welcome;user
820;malom_100;welcome;user
821;maclw_19;welcome;user
822;marad_43;welcome;user
823;majud_48;welcome;user
824;mabaq_95;welcome;user
825;mbhiw_75;welcome;user
826;mbelb_77;welcome;user
827;mejen_100;welcome;user
828;meano_15;welcome;user
829;megwk_72;welcome;user
830;mipaj_19;welcome;user
831;micaq_66;welcome;user
832;moarb_31;welcome;user
833;moday_39;welcome;user
834;mosim_31;welcome;user
835;mogab_56;welcome;user
836;moulh_75;welcome;user
837;mupaa_50;welcome;user
838;mujev_30;welcome;user
839;naleo_53;welcome;user
840;nechy_34;welcome;user
841;ngant_14;welcome;user
842;nojei_68;welcome;user
843;noanv_29;welcome;user
844;onaly_90;welcome;user
845;paans_16;welcome;user
846;paars_90;welcome;user
847;paroa_46;welcome;user
848;paalz_84;welcome;user
849;piclp_81;welcome;user
850;piruw_32;welcome;user
851;pimap_86;welcome;user
852;pocyx_89;welcome;user
853;prela_73;welcome;user
854;rajeb_76;welcome;user
855;rasah_74;welcome;user
856;ralao_67;welcome;user
857;reali_28;welcome;user
858;rianp_97;welcome;user
859;ropac_8;welcome;user
860;roloy_13;welcome;user
861;roorr_81;welcome;user
862;royaj_70;welcome;user
863;samah_71;welcome;user
864;saelt_31;welcome;user
865;saeri_3;welcome;user
866;saaug_22;welcome;user
867;sbsov_17;welcome;user
868;scemm_47;welcome;user
869;scvat_61;welcome;user
870;setai_59;welcome;user
871;seemx_11;welcome;user
872;simen_36;welcome;user
873;tahen_56;welcome;user
874;temit_45;welcome;user
875;thjae_25;welcome;user
876;tolad_98;welcome;user
877;trgab_72;welcome;user
878;trops_52;welcome;user
879;tsmag_8;welcome;user
880;vamac_14;welcome;user
881;veamm_62;welcome;user
882;vitot_73;welcome;user
883;walor_75;welcome;user
884;zamol_25;welcome;user
885;afgiz_46;welcome;user
886;anshn_12;welcome;user
887;bamah_26;welcome;user
888;bamac_35;welcome;user
889;bedyx_100;welcome;user
890;cachm_27;welcome;user
891;chchg_89;welcome;user
892;chgeu_62;welcome;user
893;comis_66;welcome;user
894;daalx_11;welcome;user
895;defaz_42;welcome;user
896;deeus_30;welcome;user
897;domes_80;welcome;user
898;glmax_95;welcome;user
899;hacew_15;welcome;user
900;hemax_37;welcome;user
901;jemaj_9;welcome;user
902;jocau_91;welcome;user
903;jupab_95;welcome;user
904;konoh_31;welcome;user
905;lacap_31;welcome;user
906;lacad_46;welcome;user
907;lejek_29;welcome;user
908;leesd_78;welcome;user
909;lemoy_55;welcome;user
910;leflw_18;welcome;user
911;lehul_28;welcome;user
912;lihub_22;welcome;user
913;lyisl_87;welcome;user
914;mataz_32;welcome;user
915;meadi_13;welcome;user
916;meloa_3;welcome;user
917;mecek_14;welcome;user
918;miind_44;welcome;user
919;mivae_79;welcome;user
920;mwagv_96;welcome;user
921;n'sat_77;welcome;user
922;olcev_49;welcome;user
923;peeuo_62;welcome;user
924;plmab_73;welcome;user
925;sadah_17;welcome;user
926;sejeg_11;welcome;user
927;siviy_73;welcome;user
928;tatow_13;welcome;user
929;vicaj_29;welcome;user
930;waaue_53;welcome;user
931;wokem_81;welcome;user
932;befrf_14;welcome;user
933;comis_56;welcome;user
934;fanoa_21;welcome;user
935;tepek_7;welcome;user
936;fatap_52;welcome;user
937;geaub_93;welcome;user
938;fonai_92;welcome;user
939;rifrw_79;welcome;user
940;lecek_88;welcome;user
941;gusis_52;welcome;user
942;hanau_29;welcome;user
943;hilaq_64;welcome;user
944;homik_30;welcome;user
945;lavav_14;welcome;user
946;picaa_54;welcome;user
947;sirol_14;welcome;user
948;totaw_34;welcome;user
949;rodok_14;welcome;user
950;frbeq_80;welcome;user
951;simaw_74;welcome;user
952;bekax_27;welcome;user
953;ngalk_92;welcome;user
954;alyoe_84;welcome;user
955;cocha_57;welcome;user
956;ledim_53;welcome;user
957;elmem_76;welcome;user
958;manap_62;welcome;user
959;rogrq_42;welcome;user
960;siaul_56;welcome;user
961;karoh_11;welcome;user
962;rosew_58;welcome;user
963;vaseo_34;welcome;user
964;hevej_82;welcome;user
965;castm_9;welcome;user
966;hasag_38;welcome;user
967;womes_6;welcome;user
968;habey_63;welcome;user
969;xideg_24;welcome;user
970;chniz_57;welcome;user
971;capaa_74;welcome;user
972;blnen_13;welcome;user
973;hoalb_77;welcome;user
974;gimax_56;welcome;user
975;almax_82;welcome;user
976;amorv_67;welcome;user
977;bahij_26;welcome;user
978;beran_95;welcome;user
979;brchw_63;welcome;user
980;cajah_84;welcome;user
981;chnih_7;welcome;user
982;chlut_37;welcome;user
983;chchk_97;welcome;user
984;clled_55;welcome;user
985;daluu_11;welcome;user
986;dumat_11;welcome;user
987;dudes_21;welcome;user
988;dulop_67;welcome;user
989;duclf_42;welcome;user
990;epflh_70;welcome;user
991;gamau_35;welcome;user
992;geesx_55;welcome;user
993;ibseq_49;welcome;user
994;joeun_59;welcome;user
995;lelaf_27;welcome;user
996;locas_89;welcome;user
997;maalr_73;welcome;user
998;mesoz_64;welcome;user
999;mivof_4;welcome;user
1000;muyar_55;welcome;user
1001;peelz_58;welcome;user
1002;pecan_38;welcome;user
1003;pisov_66;welcome;user
1004;pilah_57;welcome;user
1005;poalz_25;welcome;user
1006;riroe_18;welcome;user
1007;rochh_22;welcome;user
1008;sepaz_5;welcome;user
1009;semay_61;welcome;user
1010;tukep_41;welcome;user
1011;ulopu_84;welcome;user
1012;aubet_73;welcome;user
1013;bamal_1;welcome;user
1014;beist_78;welcome;user
1015;buroa_16;welcome;user
1016;chelw_76;welcome;user
1017;chdin_100;welcome;user
1018;chdau_61;welcome;user
1019;corom_21;welcome;user
1020;duele_39;welcome;user
1021;gecln_7;welcome;user
1022;heali_20;welcome;user
1023;lasaf_50;welcome;user
1024;laale_17;welcome;user
1025;lifao_66;welcome;user
1026;miaye_8;welcome;user
1027;palif_22;welcome;user
1028;pejeo_38;welcome;user
1029;pinig_71;welcome;user
1030;polef_9;welcome;user
1031;raemi_56;welcome;user
1032;zamam_32;welcome;user
1033;bamob_97;welcome;user
1034;babru_36;welcome;user
1035;bejuv_79;welcome;user
1036;beanb_81;welcome;user
1037;blevg_10;welcome;user
1038;bohun_18;welcome;user
1039;bocam_7;welcome;user
1040;brliz_79;welcome;user
1041;chauu_39;welcome;user
1042;damar_11;welcome;user
1043;defrc_21;welcome;user
1044;decye_65;welcome;user
1045;gimeo_38;welcome;user
1046;gicyj_66;welcome;user
1047;kulej_85;welcome;user
1048;laymv_69;welcome;user
1049;lefll_82;welcome;user
1050;miban_85;welcome;user
1051;milef_66;welcome;user
1052;penir_75;welcome;user
1053;picll_47;welcome;user
1054;popaw_65;welcome;user
1055;ponih_40;welcome;user
1056;ramax_73;welcome;user
1057;riluu_30;welcome;user
1058;roevz_50;welcome;user
1059;ruemd_80;welcome;user
1060;ruenj_14;welcome;user
1061;vacao_59;welcome;user
1062;beleu_75;welcome;user
1063;caguh_16;welcome;user
1064;'fkew_16;welcome;user
1065;feflo_15;welcome;user
1066;fipac_1;welcome;user
1067;gedyd_94;welcome;user
1068;gunop_17;welcome;user
1069;lasog_79;welcome;user
1070;laaly_92;welcome;user
1071;laolj_100;welcome;user
1072;maocz_49;welcome;user
1073;maevy_95;welcome;user
1074;mojub_14;welcome;user
1075;mualt_8;welcome;user
1076;namau_86;welcome;user
1077;pafaf_83;welcome;user
1078;pevip_57;welcome;user
1079;rebes_18;welcome;user
1080;tojuh_82;welcome;user
1081;tomai_23;welcome;user
1082;yajod_7;welcome;user
1083;blseg_14;welcome;user
1084;bralt_71;welcome;user
1085;ceamu_34;welcome;user
1086;decab_96;welcome;user
1087;gialm_73;welcome;user
1088;gilid_45;welcome;user
1089;glena_5;welcome;user
1090;grjeq_54;welcome;user
1091;gupai_35;welcome;user
1092;humas_21;welcome;user
1093;kealo_48;welcome;user
1094;lejuh_89;welcome;user
1095;lilor_50;welcome;user
1096;mavii_89;welcome;user
1097;mavao_38;welcome;user
1098;moalt_61;welcome;user
1099;mopab_11;welcome;user
1100;pecis_64;welcome;user
1101;pilej_13;welcome;user
1102;pomau_98;welcome;user
1103;rachu_23;welcome;user
1104;repaq_15;welcome;user
1105;ripaw_56;welcome;user
1106;sacox_44;welcome;user
1107;taluf_80;welcome;user
1108;trery_95;welcome;user
1109;visaj_72;welcome;user
1110;womal_27;welcome;user
1111;abchd_88;welcome;user
1112;aumak_29;welcome;user
1113;bachg_39;welcome;user
1114;blamp_3;welcome;user
1115;bomah_28;welcome;user
1116;bralj_71;welcome;user
1117;chleq_16;welcome;user
1118;chlar_37;welcome;user
1119;daemd_32;welcome;user
1120;deanw_66;welcome;user
1121;demal_47;welcome;user
1122;duadl_7;welcome;user
1123;gimac_20;welcome;user
1124;govis_5;welcome;user
1125;hetoy_25;welcome;user
1126;lacoa_44;welcome;user
1127;laamb_18;welcome;user
1128;loclk_1;welcome;user
1129;mapix_65;welcome;user
1130;mepau_79;welcome;user
1131;melen_57;welcome;user
1132;miesu_15;welcome;user
1133;monay_18;welcome;user
1134;neans_65;welcome;user
1135;paama_85;welcome;user
1136;pigas_72;welcome;user
1137;poaub_46;welcome;user
1138;salud_9;welcome;user
1139;tamam_11;welcome;user
1140;trpay_87;welcome;user
1141;hesaj_27;welcome;user
1142;roroc_17;welcome;user
1143;gumoz_76;welcome;user
1144;babel_70;welcome;user
1145;bavak_87;welcome;user
1146;bocew_62;welcome;user
1147;brbal_99;welcome;user
1148;carij_97;welcome;user
1149;chlid_57;welcome;user
1150;cojuy_1;welcome;user
1151;dareo_17;welcome;user
1152;djjuv_22;welcome;user
1153;faelv_71;welcome;user
1154;foado_24;welcome;user
1155;gaala_46;welcome;user
1156;hepiv_1;welcome;user
1157;hequf_53;welcome;user
1158;ilmid_66;welcome;user
1159;jusec_17;welcome;user
1160;lamar_14;welcome;user
1161;laelg_84;welcome;user
1162;lifiu_28;welcome;user
1163;lilaw_62;welcome;user
1164;maarz_9;welcome;user
1165;mechp_65;welcome;user
1166;mecax_32;welcome;user
1167;orlag_58;welcome;user
1168;oremc_41;welcome;user
1169;peemo_93;welcome;user
1170;rosac_51;welcome;user
1171;romat_71;welcome;user
1172;scalf_98;welcome;user
1173;vagac_19;welcome;user
1174;veand_80;welcome;user
1175;vrstd_19;welcome;user
1176;anman_54;welcome;user
1177;argux_40;welcome;user
1178;bajat_83;welcome;user
1179;boalu_41;welcome;user
1180;caarv_67;welcome;user
1181;chant_27;welcome;user
1182;cosou_6;welcome;user
1183;doanu_28;welcome;user
1184;dunig_10;welcome;user
1185;dupif_21;welcome;user
1186;elvij_34;welcome;user
1187;gaale_8;welcome;user
1188;gecak_50;welcome;user
1189;gepib_39;welcome;user
1190;jayaz_61;welcome;user
1191;jesid_52;welcome;user
1192;leroa_50;welcome;user
1193;lemae_88;welcome;user
1194;lerei_62;welcome;user
1195;lumou_98;welcome;user
1196;mathh_46;welcome;user
1197;mojui_56;welcome;user
1198;pamaw_61;welcome;user
1199;pacom_1;welcome;user
1200;rojuk_39;welcome;user
1201;ropam_21;welcome;user
1202;stmat_90;welcome;user
1203;tupam_62;welcome;user
1204;vacls_86;welcome;user
1205;frnev_8;welcome;user
1206;almee_62;welcome;user
1207;bajen_70;welcome;user
1208;bemik_98;welcome;user
1209;beett_59;welcome;user
1210;biapk_70;welcome;user
1211;cualf_22;welcome;user
1212;dejui_23;welcome;user
1213;demit_3;welcome;user
1214;gavia_10;welcome;user
1215;gamak_60;welcome;user
1216;ghsao_84;welcome;user
1217;ghcen_4;welcome;user
1218;goclt_47;welcome;user
1219;johen_3;welcome;user
1220;lejon_61;welcome;user
1221;mavet_36;welcome;user
1222;misol_73;welcome;user
1223;ouadr_1;welcome;user
1224;pepam_16;welcome;user
1225;racax_48;welcome;user
1226;rerox_52;welcome;user
1227;reror_80;welcome;user
1228;satef_33;welcome;user
1229;somai_47;welcome;user
1230;stanx_57;welcome;user
1231;zemap_61;welcome;user
1232;aljua_46;welcome;user
1233;aureg_63;welcome;user
1234;batox_66;welcome;user
1235;camar_10;welcome;user
1236;chmah_52;welcome;user
1237;chalv_48;welcome;user
1238;cochq_92;welcome;user
1239;cogum_58;welcome;user
1240;fosoh_48;welcome;user
1241;gaghv_93;welcome;user
1242;goreq_56;welcome;user
1243;honiy_89;welcome;user
1244;khbad_42;welcome;user
1245;lajup_7;welcome;user
1246;lefao_63;welcome;user
1247;lohet_31;welcome;user
1248;masor_48;welcome;user
1249;mathe_35;welcome;user
1250;majoq_86;welcome;user
1251;medou_68;welcome;user
1252;pemat_48;welcome;user
1253;qujud_31;welcome;user
1254;qufaj_20;welcome;user
1255;ralau_67;welcome;user
1256;rajuw_39;welcome;user
1257;rachg_85;welcome;user
1258;tabil_10;welcome;user
1259;trfle_68;welcome;user
1260;akchn_25;welcome;user
1261;analw_94;welcome;user
1262;bejuu_71;welcome;user
1263;blcoz_50;welcome;user
1264;bojeu_9;welcome;user
1265;boclk_47;welcome;user
1266;chbej_98;welcome;user
1267;chcax_44;welcome;user
1268;coanz_21;welcome;user
1269;cochu_7;welcome;user
1270;crcod_20;welcome;user
1271;dogeh_63;welcome;user
1272;gachj_96;welcome;user
1273;goalg_38;welcome;user
1274;halar_75;welcome;user
1275;jamaj_56;welcome;user
1276;lapia_49;welcome;user
1277;lakat_35;welcome;user
1278;lewie_11;welcome;user
1279;lepac_44;welcome;user
1280;maett_73;welcome;user
1281;masay_20;welcome;user
1282;memab_52;welcome;user
1283;mosac_69;welcome;user
1284;orane_45;welcome;user
1285;paanl_32;welcome;user
1286;pagun_46;welcome;user
1287;pijea_72;welcome;user
1288;pomaf_86;welcome;user
1289;saagt_97;welcome;user
1290;thlao_62;welcome;user
1291;ticoh_66;welcome;user
1292;vimau_76;welcome;user
1293;rianr_51;welcome;user
1294;kaabc_44;welcome;user
1295;medoh_1;welcome;user
1296;auchv_14;welcome;user
1297;boral_3;welcome;user
1298;aglet_40;welcome;user
1299;balos_62;welcome;user
1300;cathr_70;welcome;user
1301;caloq_28;welcome;user
1302;chluv_39;welcome;user
1303;culaq_39;welcome;user
1304;damax_85;welcome;user
1305;erpin_82;welcome;user
1306;fayoa_75;welcome;user
1307;gaclu_18;welcome;user
1308;gecey_85;welcome;user
1309;insol_76;welcome;user
1310;kemaz_78;welcome;user
1311;kovic_48;welcome;user
1312;laoph_33;welcome;user
1313;lacom_20;welcome;user
1314;laflu_88;welcome;user
1315;learo_19;welcome;user
1316;mapay_20;welcome;user
1317;maalm_89;welcome;user
1318;musyh_89;welcome;user
1319;nialw_44;welcome;user
1320;paald_89;welcome;user
1321;piayd_28;welcome;user
1322;poanh_3;welcome;user
1323;rimax_39;welcome;user
1324;vevaz_43;welcome;user
1325;bacll_5;welcome;user
1326;bebox_66;welcome;user
1327;boans_64;welcome;user
1328;bomal_84;welcome;user
1329;bomah_89;welcome;user
1330;cojel_30;welcome;user
1331;devie_49;welcome;user
1332;duleg_71;welcome;user
1333;feber_95;welcome;user
1334;feely_7;welcome;user
1335;flhug_80;welcome;user
1336;gilal_61;welcome;user
1337;koclz_10;welcome;user
1338;loanm_85;welcome;user
1339;maanh_56;welcome;user
1340;mochb_52;welcome;user
1341;nehok_89;welcome;user
1342;pilof_49;welcome;user
1343;rasoa_72;welcome;user
1344;safly_10;welcome;user
1345;sotik_69;welcome;user
1346;tolun_86;welcome;user
1347;atmiq_47;welcome;user
1348;bealo_9;welcome;user
1349;blalr_58;welcome;user
1350;botam_12;welcome;user
1351;boalc_68;welcome;user
1352;djref_89;welcome;user
1353;dubak_33;welcome;user
1354;esfaf_61;welcome;user
1355;gejed_25;welcome;user
1356;grjex_29;welcome;user
1357;grjuy_80;welcome;user
1358;grroe_38;welcome;user
1359;guaug_55;welcome;user
1360;heala_71;welcome;user
1361;lecel_81;welcome;user
1362;lelal_36;welcome;user
1363;mamek_98;welcome;user
1364;maaui_64;welcome;user
1365;pejof_18;welcome;user
1366;piadj_8;welcome;user
1367;plmal_42;welcome;user
1368;pomat_79;welcome;user
1369;relal_2;welcome;user
1370;romou_27;welcome;user
1371;tochp_93;welcome;user
1372;trcaw_99;welcome;user
1373;vimab_52;welcome;user
1374;ammib_37;welcome;user
1375;arilb_5;welcome;user
1376;arcet_33;welcome;user
1377;bagwb_84;welcome;user
1378;blbok_18;welcome;user
1379;cazoj_40;welcome;user
1380;cachj_62;welcome;user
1381;demal_98;welcome;user
1382;degur_75;welcome;user
1383;duthm_84;welcome;user
1384;esmam_41;welcome;user
1385;fialj_66;welcome;user
1386;fralq_52;welcome;user
1387;gilas_7;welcome;user
1388;graxy_19;welcome;user
1389;gusak_78;welcome;user
1390;kasax_19;welcome;user
1391;lamae_40;welcome;user
1392;matou_22;welcome;user
1393;penic_97;welcome;user
1394;pelem_33;welcome;user
1395;pomab_28;welcome;user
1396;romaw_91;welcome;user
1397;roluh_8;welcome;user
1398;alsoc_51;welcome;user
1399;anmaf_89;welcome;user
1400;araul_36;welcome;user
1401;bajuu_80;welcome;user
1402;bojoj_95;welcome;user
1403;gothm_16;welcome;user
1404;ivbat_1;welcome;user
1405;mapal_3;welcome;user
1406;romig_45;welcome;user
1407;rulop_85;welcome;user
1408;saani_45;welcome;user
1409;sedyb_83;welcome;user
1410;varob_78;welcome;user
1411;boemd_24;welcome;user
1412;bllor_89;welcome;user
1413;bolai_63;welcome;user
1414;boluz_30;welcome;user
1415;bogut_37;welcome;user
1416;bochp_33;welcome;user
1417;brclz_67;welcome;user
1418;brmam_4;welcome;user
1419;brpiw_9;welcome;user
1420;caloh_98;welcome;user
1421;charh_79;welcome;user
1422;chdex_73;welcome;user
1423;chchh_42;welcome;user
1424;cogug_55;welcome;user
1425;depap_88;welcome;user
1426;derox_47;welcome;user
1427;dhfap_41;welcome;user
1428;gacao_46;welcome;user
1429;gacez_87;welcome;user
1430;gubrs_4;welcome;user
1431;heemn_26;welcome;user
1432;hulac_40;welcome;user
1433;huedw_14;welcome;user
1434;kejiy_82;welcome;user
1435;kealf_27;welcome;user
1436;lagas_23;welcome;user
1437;lewil_87;welcome;user
1438;lebra_56;welcome;user
1439;lefrb_80;welcome;user
1440;lebrs_46;welcome;user
1441;meanl_24;welcome;user
1442;misyf_64;welcome;user
1443;rachc_82;welcome;user
1444;rialy_92;welcome;user
1445;rothl_31;welcome;user
1446;sianv_82;welcome;user
1447;tamad_75;welcome;user
1448;begex_61;welcome;user
1449;carai_55;welcome;user
1450;chcok_34;welcome;user
1451;dunek_99;welcome;user
1452;dujuk_58;welcome;user
1453;frjuo_56;welcome;user
1454;gemas_26;welcome;user
1455;golab_1;welcome;user
1456;grfre_28;welcome;user
1457;hiark_19;welcome;user
1458;jajon_88;welcome;user
1459;jealp_5;welcome;user
1460;khwik_99;welcome;user
1461;laarj_83;welcome;user
1462;lathm_30;welcome;user
1463;lelux_6;welcome;user
1464;leyas_28;welcome;user
1465;leloi_3;welcome;user
1466;llanb_98;welcome;user
1467;vacei_92;welcome;user
1468;bedjz_61;welcome;user
1469;bedat_95;welcome;user
1470;belag_90;welcome;user
1471;befly_11;welcome;user
1472;bocle_13;welcome;user
1473;caleb_52;welcome;user
1474;dasoj_18;welcome;user
1475;demae_55;welcome;user
1476;dejub_67;welcome;user
1477;deaud_12;welcome;user
1478;gajua_37;welcome;user
1479;gilop_50;welcome;user
1480;gövit_89;welcome;user
1481;guame_27;welcome;user
1482;hapag_6;welcome;user
1483;hereu_83;welcome;user
1484;jalad_60;welcome;user
1485;kucla_33;welcome;user
1486;kualb_55;welcome;user
1487;lebea_43;welcome;user
1488;losuf_42;welcome;user
1489;mamov_84;welcome;user
1490;maarb_54;welcome;user
1491;neelz_94;welcome;user
1492;nivik_83;welcome;user
1493;paelz_43;welcome;user
1494;saler_89;welcome;user
1495;sojun_31;welcome;user
1496;throy_93;welcome;user
1497;thedh_76;welcome;user
1498;almau_33;welcome;user
1499;amjem_35;welcome;user
1500;aujob_56;welcome;user
1501;avcam_81;welcome;user
1502;baaup_94;welcome;user
1503;beauk_98;welcome;user
1504;biolm_85;welcome;user
1505;biyok_97;welcome;user
1506;binao_47;welcome;user
1507;bilyy_38;welcome;user
1508;boenz_97;welcome;user
1509;bolej_23;welcome;user
1510;boked_22;welcome;user
1511;bomaf_90;welcome;user
1512;bomom_88;welcome;user
1513;boalc_70;welcome;user
1514;bofrr_35;welcome;user
1515;bosti_84;welcome;user
1516;buflg_17;welcome;user
1517;caman_26;welcome;user
1518;caclm_49;welcome;user
1519;caane_57;welcome;user
1520;chrov_62;welcome;user
1521;chbry_50;welcome;user
1522;chpir_49;welcome;user
1523;coamr_71;welcome;user
1524;conir_8;welcome;user
1525;copar_67;welcome;user
1526;dadeq_45;welcome;user
1527;damit_47;welcome;user
1528;dehuo_82;welcome;user
1529;dealt_60;welcome;user
1530;dequb_59;welcome;user
1531;defaw_28;welcome;user
1532;deesr_26;welcome;user
1533;lalaq_45;welcome;user
1534;dotaf_75;welcome;user
1535;doabh_60;welcome;user
1536;duroi_39;welcome;user
1537;durai_23;welcome;user
1538;duclb_32;welcome;user
1539;duadv_31;welcome;user
1540;duchu_52;welcome;user
1541;elalr_60;welcome;user
1542;doayu_65;welcome;user
1543;femas_26;welcome;user
1544;fecly_67;welcome;user
1545;frcar_26;welcome;user
1546;framv_80;welcome;user
1547;gapat_27;welcome;user
1548;gejuc_59;welcome;user
1549;gequo_26;welcome;user
1550;gogrb_93;welcome;user
1551;gohak_9;welcome;user
1552;gremf_25;welcome;user
1553;gualu_16;welcome;user
1554;gucak_34;welcome;user
1555;haang_24;welcome;user
1556;hualg_41;welcome;user
1557;jalaj_28;welcome;user
1558;jomaq_39;welcome;user
1559;klarv_97;welcome;user
1560;krely_72;welcome;user
1561;kumac_10;welcome;user
1562;kuchf_60;welcome;user
1563;laalm_86;welcome;user
1564;lamex_15;welcome;user
1565;laamb_71;welcome;user
1566;lamac_66;welcome;user
1567;lasah_69;welcome;user
1568;lafrq_60;welcome;user
1569;faame_50;welcome;user
1570;letar_4;welcome;user
1571;lecee_45;welcome;user
1572;lemar_60;welcome;user
1573;leced_14;welcome;user
1574;limaf_11;welcome;user
1575;lofap_49;welcome;user
1576;lostw_49;welcome;user
1577;loyot_66;welcome;user
1578;lumay_91;welcome;user
1579;maclw_51;welcome;user
1580;mahag_54;welcome;user
1581;mahuj_80;welcome;user
1582;memai_54;welcome;user
1583;mepay_89;welcome;user
1584;mequn_2;welcome;user
1585;miadi_16;welcome;user
1586;micab_18;welcome;user
1587;moano_79;welcome;user
1588;morum_11;welcome;user
1589;moliy_77;welcome;user
1590;mojoe_16;welcome;user
1591;mocyt_53;welcome;user
1592;norat_96;welcome;user
1593;pacho_9;welcome;user
1594;paans_19;welcome;user
1595;pejod_51;welcome;user
1596;pemag_37;welcome;user
1597;relui_67;welcome;user
1598;realk_21;welcome;user
1599;saaus_83;welcome;user
1600;secle_30;welcome;user
1601;sejec_71;welcome;user
1602;sejol_59;welcome;user
1603;soelb_46;welcome;user
1604;szcle_73;welcome;user
1605;tahev_30;welcome;user
1606;tajex_78;welcome;user
1607;tedak_79;welcome;user
1608;ththb_82;welcome;user
1609;tocly_78;welcome;user
1610;toauw_90;welcome;user
1611;trcyq_53;welcome;user
1612;vaard_55;welcome;user
1613;valok_47;welcome;user
1614;valom_5;welcome;user
1615;vaclq_59;welcome;user
1616;veths_67;welcome;user
1617;veros_96;welcome;user
1618;vichb_25;welcome;user
1619;zucld_15;welcome;user
1620;abade_18;welcome;user
1621;absyl_47;welcome;user
1622;abauu_19;welcome;user
1623;alcyj_28;welcome;user
1624;cledv_92;welcome;user
1625;babae_29;welcome;user
1626;bacaa_85;welcome;user
1627;baliz_45;welcome;user
1628;bepep_76;welcome;user
1629;bemog_100;welcome;user
1630;bevis_27;welcome;user
1631;bonia_52;welcome;user
1632;bomam_59;welcome;user
1633;bocav_67;welcome;user
1634;boalj_80;welcome;user
1635;bocaj_91;welcome;user
1636;bomax_2;welcome;user
1637;bofll_28;welcome;user
1638;bopas_78;welcome;user
1639;brjul_83;welcome;user
1640;buyak_18;welcome;user
1641;buman_75;welcome;user
1642;bucov_67;welcome;user
1643;cavaz_75;welcome;user
1644;cabaq_41;welcome;user
1645;caadw_94;welcome;user
1646;cesid_53;welcome;user
1647;chann_71;welcome;user
1648;chpih_9;welcome;user
1649;geliv_49;welcome;user
1650;cumac_16;welcome;user
1651;dayai_85;welcome;user
1652;demip_44;welcome;user
1653;demer_33;welcome;user
1654;dejof_40;welcome;user
1655;deceo_73;welcome;user
1656;djcev_32;welcome;user
1657;doprj_50;welcome;user
1658;drmao_18;welcome;user
1659;duauv_68;welcome;user
1660;dures_64;welcome;user
1661;dzlom_78;welcome;user
1662;eljuu_53;welcome;user
1663;esmam_70;welcome;user
1664;feemn_94;welcome;user
1665;fecaq_64;welcome;user
1666;finie_88;welcome;user
1667;flall_42;welcome;user
1668;flqut_75;welcome;user
1669;flcak_73;welcome;user
1670;fozog_5;welcome;user
1671;fojea_8;welcome;user
1672;gamaw_97;welcome;user
1673;grcat_44;welcome;user
1674;gicoc_32;welcome;user
1675;gijus_69;welcome;user
1676;glghd_60;welcome;user
1677;glanq_33;welcome;user
1678;glluw_66;welcome;user
1679;goanh_67;welcome;user
1680;goesu_61;welcome;user
1681;refrj_38;welcome;user
1682;gupiz_83;welcome;user
1683;gualc_73;welcome;user
1684;haron_55;welcome;user
1685;hochk_47;welcome;user
1686;isquh_13;welcome;user
1687;jareh_99;welcome;user
1688;jomav_64;welcome;user
1689;kradk_38;welcome;user
1690;labru_22;welcome;user
1691;lacls_32;welcome;user
1692;laeli_62;welcome;user
1693;leart_36;welcome;user
1694;leolg_20;welcome;user
1695;lefre_80;welcome;user
1696;leant_27;welcome;user
1697;leflp_39;welcome;user
1698;lemax_86;welcome;user
1699;leclc_43;welcome;user
1700;lecyp_62;welcome;user
1701;lecal_80;welcome;user
1702;lethy_98;welcome;user
1703;legaj_70;welcome;user
1704;lenim_19;welcome;user
1705;leamf_15;welcome;user
1706;locen_58;welcome;user
1707;loabx_25;welcome;user
1708;lothu_54;welcome;user
1709;maanr_25;welcome;user
1710;mafln_7;welcome;user
1711;mapav_10;welcome;user
1712;mablm_20;welcome;user
1713;meluu_90;welcome;user
1714;memax_13;welcome;user
1715;menou_30;welcome;user
1716;mijee_92;welcome;user
1717;miclc_25;welcome;user
1718;mialu_64;welcome;user
1719;alcln_52;welcome;user
1720;molaa_90;welcome;user
1721;molue_58;welcome;user
1722;mocaa_16;welcome;user
1723;momaf_41;welcome;user
1724;mucez_52;welcome;user
1725;mucll_84;welcome;user
1726;najan_73;welcome;user
1727;seanm_51;welcome;user
1728;odalf_48;welcome;user
1729;pamax_78;welcome;user
1730;pajot_11;welcome;user
1731;piroo_12;welcome;user
1732;pimai_44;welcome;user
1733;pomib_37;welcome;user
1734;pocls_39;welcome;user
1735;tabez_97;welcome;user
1736;remeh_17;welcome;user
1737;rijel_68;welcome;user
1738;rialg_61;welcome;user
1739;rocev_51;welcome;user
1740;sameg_78;welcome;user
1741;sacho_16;welcome;user
1742;sadoc_81;welcome;user
1743;sahab_98;welcome;user
1744;mothi_85;welcome;user
1745;sryoa_92;welcome;user
1746;tatho_39;welcome;user
1747;tachg_46;welcome;user
1748;nokel_65;welcome;user
1749;thluj_49;welcome;user
1750;thajs_84;welcome;user
1751;thjul_27;welcome;user
1752;toamz_93;welcome;user
1753;trmar_60;welcome;user
1754;vaaue_72;welcome;user
1755;vacap_21;welcome;user
1756;vamau_1;welcome;user
1757;vepar_65;welcome;user
1758;vuanq_79;welcome;user
1759;yeros_3;welcome;user
1760;akald_43;welcome;user
1761;amtex_46;welcome;user
1762;anemk_17;welcome;user
1763;aneso_15;welcome;user
1764;auanx_1;welcome;user
1765;aupiu_17;welcome;user
1766;azhut_14;welcome;user
1767;bamaa_8;welcome;user
1768;batht_46;welcome;user
1769;bakeu_80;welcome;user
1770;bathc_49;welcome;user
1771;baald_78;welcome;user
1772;bathk_49;welcome;user
1773;beflm_87;welcome;user
1774;bemot_67;welcome;user
1775;beroc_7;welcome;user
1776;becex_87;welcome;user
1777;bllac_7;welcome;user
1778;bohuo_26;welcome;user
1779;bojup_90;welcome;user
1780;bohev_69;welcome;user
1781;bomae_36;welcome;user
1782;buflj_86;welcome;user
1783;caled_77;welcome;user
1784;cahuh_90;welcome;user
1785;casan_70;welcome;user
1786;caern_34;welcome;user
1787;chmas_68;welcome;user
1788;chthp_84;welcome;user
1789;chrye_91;welcome;user
1790;chlum_11;welcome;user
1791;chnal_41;welcome;user
1792;choce_13;welcome;user
1793;colaa_82;welcome;user
1794;curiw_82;welcome;user
1795;damer_77;welcome;user
1796;dacaq_95;welcome;user
1797;dasav_95;welcome;user
1798;dapan_15;welcome;user
1799;demef_55;welcome;user
1800;deaur_27;welcome;user
1801;degee_38;welcome;user
1802;detog_17;welcome;user
1803;destw_96;welcome;user
1804;dudia_98;welcome;user
1805;duchn_87;welcome;user
1806;erviy_79;welcome;user
1807;fajev_5;welcome;user
1808;faasp_23;welcome;user
1809;frhet_36;welcome;user
1810;frsey_36;welcome;user
1811;gaguo_57;welcome;user
1812;galaf_11;welcome;user
1813;gaanl_66;welcome;user
1814;gaenf_1;welcome;user
1815;gaanj_81;welcome;user
1816;gebet_74;welcome;user
1817;gimaz_48;welcome;user
1818;gimaw_85;welcome;user
1819;giauf_74;welcome;user
1820;gogua_100;welcome;user
1821;hahov_69;welcome;user
1822;hayal_29;welcome;user
1823;haguq_27;welcome;user
1824;hajuf_14;welcome;user
1825;hemao_22;welcome;user
1826;hemar_34;welcome;user
1827;hilum_9;welcome;user
1828;hoalj_45;welcome;user
1829;honaz_68;welcome;user
1830;huedp_39;welcome;user
1831;iddam_98;welcome;user
1832;jaanh_96;welcome;user
1833;jedaj_90;welcome;user
1834;jelob_51;welcome;user
1835;jebae_7;welcome;user
1836;jeemm_26;welcome;user
1837;kibet_55;welcome;user
1838;lalif_99;welcome;user
1839;lajus_55;welcome;user
1840;lasab_4;welcome;user
1841;labeb_41;welcome;user
1842;laane_26;welcome;user
1843;lacor_27;welcome;user
1844;lemap_5;welcome;user
1845;leanc_50;welcome;user
1846;lepar_26;welcome;user
1847;ledeh_56;welcome;user
1848;lemaq_33;welcome;user
1849;lebaz_30;welcome;user
1850;lifix_39;welcome;user
1851;loaup_5;welcome;user
1852;manix_10;welcome;user
1853;mastk_28;welcome;user
1854;macek_8;welcome;user
1855;maban_92;welcome;user
1856;maaly_44;welcome;user
1857;maceg_71;welcome;user
1858;maluo_47;welcome;user
1859;mafrg_29;welcome;user
1860;mafax_32;welcome;user
1861;mazeq_47;welcome;user
1862;mearx_43;welcome;user
1863;metic_46;welcome;user
1864;mejoo_72;welcome;user
1865;mimax_23;welcome;user
1866;misoy_54;welcome;user
1867;mialb_63;welcome;user
1868;moalb_56;welcome;user
1869;momom_12;welcome;user
1870;mojok_36;welcome;user
1871;mochx_80;welcome;user
1872;mothb_67;welcome;user
1873;mokec_33;welcome;user
1874;muanc_83;welcome;user
1875;muroh_26;welcome;user
1876;najub_13;welcome;user
1877;namiq_9;welcome;user
1878;ndibn_82;welcome;user
1879;noemo_23;welcome;user
1880;olmag_78;welcome;user
1881;opanw_85;welcome;user
1882;paagy_10;welcome;user
1883;pearl_52;welcome;user
1884;pefip_58;welcome;user
1885;pebak_85;welcome;user
1886;pikan_60;welcome;user
1887;pojoy_40;welcome;user
1888;polah_35;welcome;user
1889;prmaz_29;welcome;user
1890;prjeu_80;welcome;user
1891;raclj_18;welcome;user
1892;raelf_76;welcome;user
1893;rimax_37;welcome;user
1894;riell_64;welcome;user
1895;rochm_35;welcome;user
1896;roint_67;welcome;user
1897;romaq_59;welcome;user
1898;rogaj_50;welcome;user
1899;rofrm_88;welcome;user
1900;saloq_99;welcome;user
1901;sasoy_14;welcome;user
1902;saclt_24;welcome;user
1903;scemn_79;welcome;user
1904;sebev_5;welcome;user
1905;sechu_63;welcome;user
1906;sibea_41;welcome;user
1907;sojof_74;welcome;user
1908;sopar_21;welcome;user
1909;sofan_78;welcome;user
1910;sodaj_46;welcome;user
1911;sofek_71;welcome;user
1912;stcrz_87;welcome;user
1913;szjow_90;welcome;user
1914;taemk_41;welcome;user
1915;teauf_80;welcome;user
1916;tealp_67;welcome;user
1917;thaul_18;welcome;user
1918;trkev_16;welcome;user
1919;tsyvc_18;welcome;user
1920;vaflp_94;welcome;user
1921;vapas_6;welcome;user
1922;vejuq_95;welcome;user
1923;vemaq_70;welcome;user
1924;waelh_73;welcome;user
1925;yaadk_22;welcome;user
1926;zadar_60;welcome;user
1927;zajum_81;welcome;user